Year,Cost
2014,943.2172986
2015,895.675846
2016,911.6537078
2017,918.033053
2018,972.4224447
2019,1052.560913
2020,1096.594001
2021,1155.279595
2022,1189.875017
